{
  "timestamp": "2025-01-19T13:10:06.689960",
  "metrics": {
    "redis": {
      "memory_usage_bytes": 1040240,
      "peak_memory_bytes": 1040240,
      "memory_efficiency": 100.0,
      "total_keys": 0,
      "hit_ratio": 100.0,
      "connected_clients": 1
    },
    "system": {
      "cpu": {
        "percent": 4.0,
        "cores": 32,
        "per_core_percent": [
          5.1,
          2.0,
          9.9,
          2.0,
          3.1,
          3.0,
          8.2,
          4.0,
          15.0,
          3.0,
          11.2,
          1.0,
          12.7,
          3.9,
          12.0,
          2.0,
          7.1,
          5.0,
          3.0,
          2.0,
          4.0,
          2.0,
          2.0,
          2.0,
          3.1,
          4.0,
          4.0,
          2.0,
          4.0,
          3.0,
          2.0,
          2.0
        ]
      },
      "memory": {
        "total_gb": 30.456424713134766,
        "used_gb": 8.575515747070312,
        "percent": 36.0
      },
      "disk": {
        "total_gb": 1873.6905670166016,
        "used_gb": 209.55955123901367,
        "percent": 11.8
      }
    },
    "monitoring": {
      "prometheus": {
        "retention_days": 15,
        "storage_gb": 0
      },
      "grafana": {
        "dashboard_count": 0,
        "alert_count": 0
      }
    }
  },
  "recommendations": []
}