{
  "system": {
    "version": "0.1.0",
    "state": {
      "flow": {
        "completion": 0.70,
        "nextPhase": "pattern_enhancement",
        "metrics": {
          "coherence": 0.618033988749895,
          "stability": 0.414213562373095,
          "depth": 0.302775637731995
        }
      },
      "energy": {
        "completion": 0.85,
        "nextPhase": "deep_integration",
        "thresholds": {
          "primary": 0.618033988749895,
          "secondary": 0.414213562373095,
          "foundational": 0.302775637731995
        }
      },
      "validation": {
        "completion": 0.30,
        "nextPhase": "pattern_coherence",
        "metrics": {
          "depth": 0.618033988749895,
          "breadth": 0.414213562373095,
          "integration": 0.302775637731995
        }
      }
    },
    "next_steps": [
      {
        "system": "pattern_recognition",
        "priority": 1,
        "metrics": {
          "depth_target": 0.618033988749895,
          "breadth_target": 0.414213562373095
        }
      },
      {
        "system": "context_preservation",
        "priority": 2,
        "metrics": {
          "retention_target": 0.618033988749895,
          "coherence_target": 0.414213562373095
        }
      },
      {
        "system": "validation_framework",
        "priority": 3,
        "metrics": {
          "coverage_target": 0.618033988749895,
          "depth_target": 0.414213562373095
        }
      }
    ],
    "natural_cycles": {
      "breath": 5000,
      "presence": 8000,
      "harmony": 13000
    }
  }
} 